storeid	phone	address	cityname	state	restaurant	snackbar	childcare_time
1	(239) 167-4627	78 Fabien Freeway	Oakland	NH	1	1	45
2	(744) 032-1717	29 West Milton St.	New Orleans	IN	1	1	45
3	544-510-8934	271 Fabien Parkway	Lubbock	IL	1	1	30
4	340-264-5348	444 North Rocky Milton Avenue	Cleveland	CT	0	1	
5	(111) 026-2512	97 Hague Blvd.	Tampa	NE	1	1	
6	(648) 797-7659	60 West Fabien Avenue	Arlington	KS	0	1	30
7	(812) 897-8043	835 Cowley Street	Garland	IA	1	1	30
8	243-660-5913	35 West First St.	Tacoma	IL	0	0	30
9	(448) 170-3541	912 First Freeway	New York	VT	1	1	60
10	(670) 344-3433	33 Nobel Blvd.	Austin	AR	1	1	45
11	635-622-1428	430 Nobel Parkway	Albuquerque	WV	0	1	30
12	(185) 614-8708	11 Second Way	Washington	ME	1	0	30
13	036-923-0948	773 North Rocky Milton Parkway	Norfolk	FL	1	1	
14	651-230-9877	677 West White First Blvd.	Greensboro	MO	1	0	
15	(473) 203-7499	100 South First Boulevard	Cleveland	IL	1	0	
16	750-420-5566	49 West Green New Boulevard	Arlington	WA	0	1	
17	(489) 944-6657	126 West Rocky Hague Way	Louisville	ID	0	1	
18	864-597-7021	54 White Hague Street	Des Moines	RI	0	1	30
19	171-872-5703	83 West New Way	Omaha	MS	1	1	60
20	932-314-1312	38 Milton Way	Hialeah	HI	1	0	30
21	099-520-5981	878 Rocky First Blvd.	Bakersfield	CA	1	0	45
22	172-213-7577	62 Green New Freeway	Lincoln	TX	1	1	30
23	674-918-8273	496 West Green Hague Freeway	Riverside	NC	0	1	60
24	(728) 557-1996	909 Rocky Clarendon Boulevard	Norfolk	FL	1	1	
25	130-581-5115	83 Second Blvd.	Austin	AR	1	1	45
26	(894) 716-6512	48 Oak Freeway	Philadelphia	MO	1	1	45
27	(557) 324-2986	976 Green Fabien Blvd.	Phoenix	GA	1	1	30
28	(770) 535-4196	79 West New Boulevard	Indianapolis	MS	1	1	60
29	646-382-4827	45 Rocky Clarendon Road	Charlotte	NY	1	1	60
30	649-177-4171	20 New Drive	Madison	IA	1	1	45
31	054-388-3622	523 White Second Freeway	Grand Rapids	FL	1	0	60
32	218-315-1852	39 Cowley Blvd.	Virginia Beach	CO	1	1	30
33	945-080-4541	25 West First Street	Cleveland	CT	0	1	45
34	138-907-3986	38 Rocky Cowley Street	Nashville	UT	1	1	30
35	451-018-0019	742 South White New Way	Dallas	WI	1	1	45
36	722-569-0527	81 Hague Drive	New York	TX	1	0	
37	153-904-3314	36 White Old Avenue	Shreveport	TX	1	1	30
38	(377) 335-7602	182 Cowley Road	Mobile	NC	1	1	30
39	(558) 117-6796	47 First Parkway	Memphis	MT	1	1	45
40	980-564-8136	562 West Old Parkway	Anchorage	MO	1	1	
41	(873) 972-5839	17 Hague Street	Minneapolis	NJ	0	0	60
42	(001) 361-5863	543 White Nobel Blvd.	Fresno	MA	0	1	30
43	(769) 066-3271	973 Clarendon St.	Seattle	NM	1	0	30
44	328-162-0624	72 West White Cowley Blvd.	Mesa	AK	1	1	
45	140-590-8898	763 South Oak Parkway	Grand Rapids	OH	1	0	
46	(699) 004-0925	112 White Fabien Way	Anaheim	KS	1	0	45
47	(632) 667-1155	34 Clarendon Avenue	San Diego	IA	1	1	45
48	(407) 411-6049	154 White New Way	Milwaukee	MT	0	1	
49	(403) 912-5314	985 White Milton Drive	Wichita	PA	1	1	
50	(786) 908-2809	464 West Clarendon Avenue	Lubbock	PA	0	0	45
51	720-184-8569	154 Rocky Oak Road	Cleveland	IL	1	1	60
52	(432) 733-3994	137 Green Nobel St.	Stockton	ND	1	0	
53	(850) 387-2434	313 First Boulevard	Albuquerque	NV	1	0	60
54	(918) 886-6014	466 South White Fabien Freeway	New York	AR	0	1	30
55	(817) 801-4653	897 North Rocky Second Parkway	Fort Worth	CO	0	0	
56	(077) 978-1951	693 East White Milton St.	Cleveland	OK	1	0	45
57	807-784-7563	690 East Rocky First Parkway	Spokane	TN	1	1	45
58	614-757-3943	130 East Oak Boulevard	Spokane	NJ	1	1	45
59	(071) 314-8753	34 Oak St.	Bakersfield	CA	1	1	30
60	016-115-5042	97 Fabien Street	Corpus Christi	LA	1	1	45
61	(683) 771-4904	71 North Green Hague Way	Garland	SD	1	0	60
62	(279) 878-3819	154 Clarendon Street	Tampa	NE	1	0	30
63	(202) 747-3258	34 Fabien Freeway	Richmond	PA	1	1	45
64	665-937-1035	40 Hague Avenue	Baltimore	WY	1	0	30
65	(551) 617-7967	36 Clarendon Way	Portland	NE	1	1	
66	(477) 975-2497	30 North Hague Boulevard	Austin	VT	1	1	30
67	(917) 324-0726	44 Old Road	San Antonio	MD	0	1	60
68	(861) 953-2453	474 North Green New Freeway	Anaheim	KS	1	1	60
69	279-914-2431	58 Oak Boulevard	Baton Rouge	DE	1	0	45
70	707-428-3685	84 Green Milton Road	Buffalo	IA	0	1	
71	(826) 255-7261	46 Milton Freeway	Colorado	AZ	0	0	
72	379-866-6297	773 Old Parkway	Tacoma	OK	1	1	60
73	(420) 097-7391	98 South First Drive	Phoenix	WI	0	1	
74	(346) 362-7075	59 Cowley Avenue	Newark	GA	1	1	
75	531-507-1319	76 Oak Road	Des Moines	OH	1	1	45
76	(968) 528-6634	618 East Fabien Parkway	Riverside	WY	1	1	30
77	(506) 003-2460	57 Rocky Cowley Way	Nashville	UT	0	1	30
78	230-186-2096	489 White Milton Avenue	Colorado	DE	1	1	
79	740-799-6683	24 Green Second Freeway	Fort Wayne	AZ	1	0	
80	(340) 509-5934	58 North White Clarendon Avenue	Kansas	ME	1	1	45
81	(764) 296-3537	45 Second Boulevard	Stockton	ND	1	0	60
82	646-717-9417	158 Rocky Old Way	Boston	NV	1	0	30
83	(917) 744-1300	166 Green Oak Street	Jackson	MD	1	1	30
84	041-185-2570	508 South First St.	New Orleans	LA	1	0	
85	603-518-8004	334 White Fabien Avenue	Dallas	WI	1	1	60
86	227-107-3366	559 Second Way	Jersey	WY	0	1	
87	925-753-0557	84 Cowley Boulevard	Rochester	NV	1	1	60
88	607-199-7096	312 Cowley Freeway	Memphis	MT	1	0	
89	(698) 201-5371	405 South White Second St.	Fremont	ID	1	1	30
90	(111) 288-6059	84 West Rocky Old Avenue	Anchorage	MT	1	1	45
91	457-325-6657	59 East Green New Boulevard	Rochester	NV	0	0	60
92	538-698-8543	65 Oak Avenue	Wichita	PA	1	0	45
93	(384) 222-6680	95 New Blvd.	Long Beach	TN	1	0	60
94	(458) 097-1528	698 White Milton Avenue	Fresno	MA	1	1	30
95	(726) 918-1155	74 Milton St.	Philadelphia	MO	0	1	45
96	711-471-6033	95 Second Road	Newark	GA	1	1	45
97	680-042-0703	870 Milton Avenue	Miami	NY	1	1	30
98	(368) 124-3643	344 Green First St.	Raleigh	NJ	0	1	
99	657-572-1243	66 West Hague Way	San Jose	AL	1	1	
100	(135) 558-1813	467 Green Oak Street	Des Moines	RI	1	1	30
101	438-787-0474	241 Rocky Second St.	Shreveport	VT	1	1	
102	(560) 908-1371	142 East White Hague Way	Riverside	WY	1	0	45
103	384-058-3764	240 West Hague Freeway	Kansas	NH	1	1	30
104	303-184-7436	664 White Hague Avenue	Jersey	VT	1	1	30
105	149-211-0448	93 North Old Way	Charlotte	WA	0	0	30
106	(231) 327-0607	918 Nobel Blvd.	Detroit	KY	1	1	
107	(109) 745-7015	235 South Oak Blvd.	Colorado	MD	0	1	45
108	(086) 663-2735	525 White Milton Boulevard	Madison	SC	1	0	30
109	435-830-5017	82 Hague St.	Seattle	ND	1	1	30
110	(503) 851-9605	333 New Parkway	Madison	IA	1	1	30
111	(710) 654-4560	25 Green Nobel Freeway	Miami	WA	0	1	
112	(352) 499-4571	96 New St.	Norfolk	NY	0	1	30
113	384-842-0906	32 South Milton Road	Miami	WA	1	0	60
114	670-407-4214	579 East Green Fabien Boulevard	Newark	DE	1	0	
115	744-510-1326	447 Rocky Nobel Street	Fremont	ID	1	0	60
116	428-175-4968	48 West Rocky Oak Freeway	Colorado	AZ	1	1	30
117	421-765-4517	470 North White Clarendon Parkway	Louisville	AK	0	1	60
118	(675) 279-4339	286 Old Way	Baton Rouge	GA	1	1	30
119	(958) 511-1792	152 South White New Street	Fort Wayne	DE	1	0	60
120	(826) 649-4968	922 New Street	El Paso	OH	1	0	60
121	880-547-6319	20 West Milton Street	Fort Worth	UT	1	0	30
122	678-203-7935	77 North First Freeway	Dallas	OK	1	1	
123	(190) 199-7269	26 Clarendon St.	Phoenix	GA	1	0	60
124	(522) 511-0658	140 White New Way	Aurora	NY	0	0	60
125	003-357-3389	419 New Freeway	Rochester	OR	0	0	45
126	063-935-7790	743 Oak Street	Columbus	IL	1	0	60
127	(841) 022-8566	860 Clarendon Street	Jacksonville	MI	0	1	60
128	(987) 286-2295	296 Green Oak Boulevard	Honolulu	WI	0	0	45
129	(360) 439-1596	467 Cowley Street	Tucson	MI	1	0	
130	(776) 176-9382	50 Oak Boulevard	Birmingham	WY	1	1	60
131	293-073-5318	612 Clarendon Freeway	Detroit	VA	1	1	
132	616-737-6533	648 North Fabien Blvd.	St. Paul	CT	1	1	45
133	664-556-2462	619 White Cowley Road	Honolulu	GA	1	0	
134	221-852-7244	906 Oak Freeway	Anaheim	HI	1	1	60
135	271-895-9023	815 Cowley Blvd.	Minneapolis	NV	1	1	60
136	(919) 311-4053	70 Nobel Parkway	Boston	CO	1	1	45
137	(816) 880-3940	631 South Rocky Second Way	Omaha	AZ	1	0	60
138	(210) 187-3905	45 New Way	Wichita	AK	1	0	45
139	301-659-3156	275 East Milton Parkway	Fort Worth	CO	1	0	60
140	(891) 081-9924	47 White New Road	Atlanta	MN	1	0	30
141	(770) 110-8834	39 Hague Avenue	Dayton	OK	1	1	60
142	(890) 427-8748	703 North Green Nobel Way	Dallas	OK	1	0	60
143	012-460-0141	686 Fabien Blvd.	Philadelphia	FL	1	1	45
144	(129) 464-9798	95 Second Freeway	Sacramento	CA	1	1	30
145	938-491-5006	918 West Second Street	Lincoln	MN	1	1	
146	(880) 813-7830	48 Green Hague Freeway	Baltimore	VT	1	0	45
147	153-087-3074	98 White Clarendon Street	Jackson	MD	1	1	60
148	(685) 321-7694	59 South Milton Blvd.	Chicago	MI	1	1	
149	509-314-7465	74 Rocky Oak St.	Akron	RI	0	0	60
150	(595) 799-3663	82 White New Boulevard	Louisville	AK	1	0	
151	865-831-1212	890 White Clarendon Drive	Boston	WV	1	1	45
152	001-706-0570	249 Oak Avenue	Kansas	ME	1	1	45
153	(737) 352-8060	961 Rocky Oak Freeway	Virginia Beach	CO	1	1	45
154	833-938-5857	790 Old Blvd.	Lubbock	PA	1	1	
155	(608) 055-5184	93 North Hague Street	Tulsa	HI	1	1	45
156	(201) 148-2200	732 West Green Second Parkway	Nashville	IN	1	1	60
157	783-114-1703	55 New Freeway	Arlington	KS	1	1	45
158	716-980-7868	34 Rocky Old Drive	Hialeah	KS	1	1	
159	(768) 819-8322	606 Green Second Way	Arlington	CA	1	1	
160	846-789-6509	39 Old Parkway	Baltimore	VT	1	1	45
161	(148) 940-9055	21 Rocky Milton Parkway	Shreveport	TX	0	1	30
162	(222) 165-1913	891 White Hague Avenue	San Diego	AL	1	1	60
163	929-765-4931	199 New Parkway	Minneapolis	OR	1	1	45
164	(461) 798-3377	734 South Fabien St.	Phoenix	DE	0	1	45
165	291-445-1784	17 New Way	Garland	IA	1	1	
166	(723) 328-7860	58 West Cowley Street	Oklahoma	ND	1	1	30
167	950-870-8878	72 New Street	Detroit	MN	1	0	30
168	444-486-0735	80 Milton Blvd.	Jacksonville	TN	1	0	60
169	228-597-6856	249 Fabien Parkway	Atlanta	AR	0	1	45
170	443-401-4459	58 Old Way	Cincinnati	MA	1	0	60
171	436-843-0337	879 Milton Freeway	Los Angeles	KS	1	1	45
172	(856) 036-4808	301 West Nobel Blvd.	Montgomery	VA	1	1	30
173	738-981-2284	983 Hague Drive	San Francisco	NE	1	0	
174	401-023-7786	707 Green First Blvd.	Philadelphia	MO	1	1	
175	(973) 837-4672	378 East Second Avenue	Anchorage	MO	1	0	45
176	330-471-6383	389 Milton Boulevard	Aurora	WA	1	1	60
177	507-523-9864	49 First Drive	Madison	SC	1	0	60
178	(549) 475-7214	25 South Oak Street	Tampa	NE	0	1	45
179	001-880-9364	72 Second Road	Mobile	OH	1	1	60
180	(429) 638-3087	283 Green Cowley Parkway	Oakland	ME	1	0	45
181	(342) 573-6162	330 Rocky Nobel Street	San Diego	IA	1	1	
182	551-479-2073	11 North Green Oak Parkway	Jersey	WY	1	1	30
183	616-680-1595	590 East Second Way	Hialeah	NM	1	1	
184	583-576-8825	852 East Fabien Way	Jersey	VT	0	1	60
185	(113) 042-4659	41 White Fabien Road	Yonkers	LA	1	1	45
186	(460) 149-7279	88 East Hague Blvd.	Richmond	PA	0	1	60
187	(377) 513-1640	43 Second Freeway	El Paso	FL	1	1	60
188	(479) 653-7348	14 Rocky Hague Parkway	Shreveport	TX	1	0	60
189	404-141-8539	10 Fabien Road	Aurora	NY	1	1	45
190	434-180-3137	853 Hague St.	Montgomery	SC	1	0	30
191	046-254-2488	46 Fabien Way	Austin	AR	1	1	30
192	832-776-8360	47 Rocky Oak Drive	Fort Worth	MA	0	0	45
193	636-806-9672	74 New Drive	Fremont	PA	0	0	
194	(101) 021-9797	76 East First Drive	Corpus Christi	IN	1	0	30
195	(530) 804-7498	899 Nobel Street	Colorado	MD	1	1	60
196	(469) 732-1304	953 North Fabien Parkway	Kansas	NH	1	0	
197	(394) 509-5539	371 First Road	New York	VT	1	1	
198	273-265-7400	646 Rocky Clarendon St.	Raleigh	NJ	1	0	30
199	(161) 785-9820	62 Rocky New Boulevard	Kansas	MI	1	1	60
200	041-496-0826	57 Rocky First Parkway	San Antonio	MS	1	0	60
201	(100) 624-3010	70 East White Oak Parkway	San Jose	IA	0	0	30
202	749-172-3264	403 North Rocky Nobel Road	St. Louis	RI	1	0	
203	(621) 846-8732	42 Green New Boulevard	Sacramento	WA	1	1	45
204	(015) 226-9043	235 Second St.	San Jose	IA	1	1	45
205	688-261-8913	21 North Second Way	Akron	OH	1	0	60
206	628-202-6128	817 South White Hague Road	Montgomery	VA	1	1	
207	(317) 573-8107	44 East Rocky Oak Boulevard	Nashville	UT	1	1	
208	(252) 498-1608	53 Oak Blvd.	Denver	WV	1	1	60
209	179-607-2770	73 Fabien St.	Little Rock	VA	0	1	30
210	(377) 020-8341	129 Rocky First Parkway	St. Louis	RI	1	1	
211	(904) 088-1619	45 Clarendon Way	Riverside	NC	0	0	
212	(251) 423-8473	249 Cowley St.	Birmingham	TX	0	1	
213	(969) 717-2095	85 Rocky Milton Drive	Sacramento	CA	1	1	30
214	504-057-1060	342 White Second Way	Yonkers	LA	1	0	30
215	(199) 470-6620	999 North White Oak Boulevard	Fort Worth	CO	0	1	
216	213-409-0729	52 West Old Boulevard	Detroit	VA	1	0	45
217	(498) 820-0310	859 Rocky Cowley Parkway	Jackson	AZ	1	1	45
218	(378) 879-7752	25 White Old Parkway	Buffalo	IA	1	1	
219	924-431-8414	48 Green Milton Blvd.	Pittsburgh	CO	1	1	
220	(007) 894-8206	754 White Cowley Drive	Milwaukee	MT	1	0	30
221	101-563-8658	835 South Old St.	Austin	VT	1	0	
222	939-690-9136	763 West Rocky First Boulevard	Jacksonville	NH	0	0	60
223	314-676-3493	29 Second Way	Las Vegas	NH	1	0	
224	108-182-3797	78 Old Street	Dallas	CT	1	0	30
225	(002) 665-2720	73 Hague Blvd.	Baltimore	NC	1	1	30
226	044-485-3351	66 Nobel Drive	Rochester	NV	1	1	45
227	(878) 416-1069	75 Green Hague Avenue	Colorado	DE	1	1	60
228	""	74 Rocky Hague Parkway	Nashville	LA	1	1	60
229	807-804-2534	73 Rocky Clarendon Way	Long Beach	TN	1	0	
230	794-278-8367	14 White Old Parkway	Minneapolis	NV	1	1	60
231	236-211-5423	390 Rocky Nobel Avenue	Jersey	NC	1	1	45
232	(434) 345-6168	15 Old Boulevard	Detroit	MN	1	1	45
233	244-476-8827	340 Hague Blvd.	Lincoln	TX	1	1	
234	(392) 490-9740	536 Green Nobel Freeway	San Diego	SD	1	1	30
235	(758) 689-9195	84 Hague Boulevard	Seattle	HI	1	1	60
236	(466) 409-8845	18 Rocky Second Way	Tacoma	OK	0	1	30
237	(566) 551-0901	781 West Rocky Oak Street	Milwaukee	MT	0	1	
238	909-550-0860	469 Milton Drive	Mesa	AK	1	1	60
239	(699) 626-4407	418 White Milton Road	Jersey	NC	1	1	45
240	(575) 586-9506	40 White Old Parkway	Aurora	WA	0	1	45
241	587-596-9053	956 Second Blvd.	Birmingham	VT	1	0	30
242	(648) 097-2352	63 White Second Road	Norfolk	MT	1	1	30
243	930-647-6524	311 East White Oak Parkway	Greensboro	OH	1	0	30
244	756-391-7166	14 Nobel Boulevard	Cleveland	IL	1	1	30
245	549-471-9660	99 East White Second Parkway	St. Paul	CT	0	1	
246	725-426-6395	249 West Rocky First St.	Tucson	TN	1	0	30
247	683-940-6998	379 Rocky Hague Street	Lubbock	IL	1	1	
248	(505) 918-5913	83 North Rocky Fabien Parkway	Norfolk	FL	1	1	30
249	753-960-3604	96 Rocky Old Road	St. Paul	WI	1	0	30
250	666-851-8555	126 Milton Street	Tampa	MS	1	1	
251	238-815-5087	998 South White Clarendon Drive	Anchorage	FL	1	1	60
252	(782) 138-3540	24 New Freeway	Little Rock	VA	1	0	
253	783-988-8468	329 South Rocky Hague Freeway	Atlanta	TX	1	1	45
254	058-468-2033	24 Old Street	St. Louis	NC	1	1	30
255	(931) 433-7372	557 Nobel Parkway	Anaheim	HI	1	0	45
256	089-438-6460	839 White Cowley Way	Indianapolis	IN	0	1	60
257	(520) 550-3845	72 Old Drive	Spokane	NJ	1	1	
258	(842) 118-1090	77 Second Road	Omaha	MD	0	1	45
259	(671) 151-3170	48 North Green Hague Freeway	Pittsburgh	WV	1	1	45
260	408-159-1491	132 White Cowley Blvd.	San Diego	SD	1	0	
261	107-189-6045	445 Green First Street	Indianapolis	NE	1	1	
262	(115) 339-1089	26 Rocky Milton Freeway	Akron	RI	1	0	60
263	(674) 613-3288	324 Rocky Nobel Drive	Riverside	NC	1	0	60
264	484-351-8875	336 First Boulevard	St. Petersburg	OK	1	1	
265	(866) 659-5490	71 White Old St.	Kansas	ME	1	1	45
266	(722) 706-6256	93 Oak Road	Madison	IA	1	1	45
267	(862) 923-6620	427 Green Cowley Drive	Newark	DE	1	0	60
268	206-431-6270	667 West White Nobel Road	Washington	AL	1	1	45
269	(036) 330-1808	64 Cowley Freeway	Boston	WV	1	0	30
270	(652) 110-5228	539 West Green Milton Freeway	Hialeah	NM	1	1	60
271	003-886-9265	34 Green Cowley Street	Los Angeles	HI	1	1	45
272	(882) 909-9982	949 White Nobel Parkway	Shreveport	VT	1	0	
273	847-789-4096	70 Rocky Hague Street	Pittsburgh	CO	1	0	
274	(591) 777-9594	56 Oak St.	Glendale	WI	1	1	45
275	(031) 223-5185	14 Fabien St.	Fremont	ID	1	1	60
276	(316) 655-8247	42 First Street	Baltimore	NC	0	0	
277	516-601-9332	694 Clarendon Blvd.	Arlington	WA	1	0	
278	(497) 303-8686	22 Green Milton Street	Houston	OR	1	1	45
279	(481) 530-5583	24 Second Boulevard	Colorado	MD	1	1	30
280	239-555-4236	388 South Rocky New Way	Mobile	RI	1	0	30
281	204-605-1867	17 Clarendon Drive	Oakland	ME	1	1	
282	413-415-6418	216 East White Oak Way	St. Louis	NC	1	1	
283	(391) 630-1875	602 West Old Drive	Pittsburgh	WV	1	1	60
284	217-554-8316	88 White Oak Parkway	Pittsburgh	WV	1	1	60
285	(398) 696-7716	631 South Cowley Street	Memphis	FL	1	0	30
286	043-443-6328	142 Rocky Nobel St.	Toledo	SD	1	0	
287	(178) 130-9986	69 Milton Way	Detroit	MN	1	1	45
288	(306) 542-0117	640 Green Nobel Way	Montgomery	KY	1	1	45
289	(354) 860-9155	58 White Old Street	Rochester	OR	1	1	
290	431-920-6427	218 South Old St.	Portland	NE	1	1	30
291	668-918-4088	14 White Cowley Avenue	Mobile	OH	1	0	
292	(053) 538-0471	87 South Clarendon Way	Austin	VT	1	1	45
293	904-723-2167	860 Second St.	San Jose	ME	1	1	30
294	(909) 275-1215	474 First Blvd.	Fort Worth	CO	1	0	60
295	635-314-6708	73 South Green Clarendon Street	Virginia Beach	CO	1	1	
296	(213) 187-5690	681 North Hague Way	Lincoln	AR	1	1	45
297	(919) 336-6730	343 Hague Avenue	St. Petersburg	CT	1	1	
298	410-677-8330	19 North Hague Drive	St. Paul	GA	1	1	60
299	(899) 954-7946	767 Old Road	Richmond	AK	1	0	30
300	(565) 215-5544	91 White Milton Freeway	Grand Rapids	FL	1	0	60
301	(267) 090-8000	347 East Green Old Avenue	Shreveport	VT	1	1	60
302	(419) 544-8281	10 Oak Avenue	Mesa	AK	0	0	45
303	(348) 441-1162	721 Clarendon Way	Cleveland	CT	1	1	30
304	(841) 959-6486	310 North White Old Road	Charlotte	NY	1	1	30
305	754-852-1457	145 Hague Way	St. Paul	CT	1	1	30
306	973-054-0715	792 Milton Street	Cincinnati	CO	1	1	45
307	737-914-7638	262 East Oak Street	Riverside	WY	0	1	60
308	265-774-1569	63 Milton Drive	Tacoma	OK	1	0	60
309	578-936-7887	22 Oak Drive	Jacksonville	TN	0	1	60
310	970-900-1878	97 Clarendon Street	Dayton	IL	1	0	
311	(221) 590-7083	54 West White Old Avenue	Bakersfield	CA	1	0	45
312	874-909-4305	750 West White Milton Way	Boston	NV	1	1	30
313	(505) 874-6818	166 West Green Milton Blvd.	Little Rock	AR	1	1	60
314	(003) 255-4794	95 Clarendon St.	Minneapolis	NJ	1	1	
315	778-694-4750	84 White Old Way	Birmingham	WY	0	1	
316	(058) 793-9428	444 Second Road	Baton Rouge	DE	1	1	
317	581-758-9213	30 Oak Blvd.	Detroit	VA	1	1	60
318	(560) 513-8869	854 Cowley Avenue	Las Vegas	ME	1	1	45
319	746-331-5024	462 Cowley Avenue	Grand Rapids	MO	1	1	45
320	(569) 508-3023	81 South Cowley Drive	Los Angeles	KS	1	1	
321	037-961-5390	73 White Old Freeway	Denver	NV	1	1	
322	(000) 723-9245	78 Milton Blvd.	Anchorage	MO	1	0	45
323	(065) 555-3458	747 East New Avenue	Arlington	WA	1	1	30
324	164-882-9265	48 Milton Boulevard	Omaha	MD	0	1	60
325	(443) 375-7956	812 Rocky Fabien Boulevard	Spokane	TN	0	1	
326	655-240-8974	34 Hague Avenue	Indianapolis	NE	1	1	45
327	(633) 267-0152	68 White Clarendon Boulevard	Anaheim	HI	1	1	30
328	(849) 336-6728	47 Rocky Milton Drive	Bakersfield	CA	1	1	60
329	646-581-6538	757 Green New Boulevard	New Orleans	IN	1	0	45
330	(533) 974-9408	51 Old Avenue	Fremont	PA	0	1	
331	656-762-5675	59 East Green Hague Way	Colorado	AZ	1	1	
332	(849) 288-4281	12 West Clarendon St.	Mobile	NC	1	1	60
333	417-987-8915	49 South Green Cowley Boulevard	Lubbock	ID	0	0	
334	862-695-5651	59 East New Avenue	Shreveport	VT	1	0	60
335	(045) 801-9061	58 North Nobel St.	Santa Ana	UT	0	1	60
336	593-195-0557	908 First Boulevard	Baton Rouge	AZ	1	0	60
337	610-440-3566	170 White Hague Parkway	Oklahoma	NM	1	1	60
338	726-280-3894	355 North Green Old Way	Columbus	ID	1	1	60
339	300-327-9872	54 Rocky Fabien Street	Boston	NV	1	1	
340	670-100-8058	16 New Avenue	Greensboro	OH	0	0	30
341	728-670-4525	685 White Milton Road	Chicago	MI	1	1	30
342	287-198-8437	323 Cowley Road	Grand Rapids	MO	1	1	60
343	(206) 360-0769	392 Green Nobel Way	Chicago	NH	0	0	
344	(252) 215-3579	58 West Rocky Cowley Drive	Seattle	ND	0	1	45
345	(346) 550-8721	47 Hague Road	Bakersfield	KS	1	1	45
346	792-852-1750	160 South Hague Way	Greensboro	RI	1	0	
347	(607) 483-1845	872 Cowley Parkway	Montgomery	SC	1	0	
348	(653) 202-2606	95 Green Nobel Freeway	Dayton	IL	1	0	60
349	383-588-9870	80 Cowley Avenue	Long Beach	MI	0	0	60
350	(846) 246-4379	517 Hague St.	Dallas	CT	1	1	60
351	712-923-5004	86 Green New Drive	Santa Ana	UT	1	1	45
352	544-815-9734	278 South Green Second Drive	Baltimore	NC	1	1	45
353	(396) 950-5918	83 White Milton Parkway	Baltimore	WY	1	0	
354	952-470-9508	93 Rocky Hague Blvd.	Dallas	WI	0	1	30
355	254-768-4444	163 Fabien Parkway	Bakersfield	KS	1	1	45
356	941-399-4596	70 East Old St.	Des Moines	NC	1	1	60
357	904-815-5611	139 Rocky Second Boulevard	Grand Rapids	OH	1	1	45
358	183-929-4047	692 Milton Parkway	Little Rock	AR	1	1	30
359	085-946-9356	557 Old Avenue	New York	TX	0	1	45
360	(948) 251-1874	756 Green Fabien Way	Albuquerque	OR	1	0	
361	(646) 169-1023	661 East Rocky New Parkway	Buffalo	AL	0	0	45
362	895-905-1354	673 Rocky Second Way	Oakland	NH	1	1	60
363	763-916-7456	745 Green New Avenue	Memphis	FL	1	1	
364	389-838-3343	408 East Milton Parkway	Baltimore	WY	0	1	
365	225-959-6636	82 North Rocky Clarendon Road	Portland	IN	1	1	60
366	(218) 116-4653	27 West Oak Parkway	Cleveland	IL	1	1	60
367	291-182-8763	932 Clarendon Parkway	Nashville	IN	1	1	45
368	(125) 159-5128	45 Fabien Way	Nashville	LA	1	0	45
369	(791) 942-5743	94 First Street	Raleigh	OR	1	1	30
370	206-782-0429	74 North Hague Drive	Albuquerque	OR	1	0	
371	493-747-6130	99 Nobel Blvd.	Seattle	NM	1	0	60
372	687-639-5502	77 Oak Boulevard	Atlanta	TX	0	0	
373	973-812-4155	209 White Old St.	Arlington	CA	1	1	45
374	453-375-6431	48 North First Drive	Wichita	PA	0	1	
375	(482) 720-7313	58 Second Parkway	Garland	IA	1	1	30
376	(452) 461-1389	98 East Green Fabien Freeway	St. Petersburg	CT	1	1	45
377	086-031-8086	94 West White Cowley Avenue	Spokane	TN	1	1	60
378	(796) 447-2274	31 North Clarendon Parkway	Baton Rouge	GA	0	1	45
379	696-238-7439	14 West Rocky Nobel St.	Montgomery	VA	1	0	60
380	712-352-7945	184 Fabien Parkway	Los Angeles	HI	1	0	30
381	639-569-3049	127 Rocky Second Parkway	San Diego	AL	0	1	60
382	216-593-0012	86 White Clarendon Boulevard	Seattle	NM	0	0	60
383	(173) 391-5832	49 North Second Way	Mobile	RI	1	1	60
384	812-839-3809	963 Cowley Drive	Tucson	MI	0	1	
385	383-458-7767	807 North Rocky Milton Street	Dayton	OK	1	0	
386	672-062-8737	21 First Parkway	Long Beach	MI	1	0	45
387	(446) 350-4073	700 Clarendon Road	Little Rock	AR	0	1	45
388	447-709-6799	213 Hague Parkway	Norfolk	NY	1	0	
389	(069) 121-0241	898 Green Second Drive	St. Louis	WY	1	1	
390	314-603-9203	44 Oak Road	Milwaukee	NY	1	1	45
391	894-156-1017	134 Cowley Freeway	Raleigh	OR	0	1	30
392	356-292-3133	31 North Milton Way	Lubbock	ID	0	1	
393	(676) 524-7993	64 Nobel Boulevard	Milwaukee	MT	1	0	45
394	(035) 019-5417	76 Cowley Parkway	Birmingham	TX	1	1	
395	631-481-4317	50 Milton Blvd.	Los Angeles	HI	0	1	
396	866-565-5429	32 White Oak Boulevard	Tacoma	ID	1	1	45
397	126-515-8185	627 Rocky Old Road	San Francisco	MD	1	1	30
398	(917) 275-7119	734 South First Boulevard	Atlanta	MN	1	1	30
399	775-082-6216	79 East Nobel Way	Detroit	KY	1	0	30
400	851-390-6960	20 West Rocky Hague Way	Glendale	CT	0	0	45
401	457-386-6245	65 North Green Second Parkway	Richmond	AK	1	0	60
402	(551) 910-0168	986 East Rocky Hague Road	Cleveland	IL	1	0	60
403	058-107-5538	277 White Nobel St.	Detroit	MN	1	0	
404	985-538-7005	20 South New Drive	Milwaukee	NY	1	0	60
405	(458) 130-4443	256 Clarendon St.	Charlotte	NY	1	1	
406	962-432-5923	607 North Second Freeway	Riverside	WY	1	1	
407	(779) 757-6873	77 White Old Road	Bakersfield	CA	0	0	
408	313-451-8918	88 South Milton Road	Baton Rouge	GA	0	1	45
409	(092) 912-5853	261 North Green Milton Drive	Stockton	NM	1	1	60
410	944-739-5098	545 Nobel Road	Cleveland	OK	1	1	
411	894-469-5845	15 First Street	Houston	NJ	1	1	30
412	557-901-5017	950 Fabien Drive	Mobile	NC	1	1	
413	(329) 368-3689	229 Milton Drive	Corpus Christi	LA	1	0	30
414	(856) 638-3887	46 White Oak Freeway	Fresno	MA	0	1	30
415	(447) 433-9319	37 Clarendon Drive	Columbus	IL	0	0	45
416	101-995-3908	55 White First Drive	Virginia Beach	MA	1	1	45
417	801-231-9147	16 Oak Avenue	Richmond	ND	0	1	
418	630-488-6874	578 East Second Drive	Phoenix	GA	1	0	45
419	077-694-1574	91 Nobel St.	Nashville	UT	1	1	60
420	105-003-9348	54 North New Parkway	Dallas	CT	1	1	30
421	(438) 369-4919	324 Rocky Nobel Way	Baltimore	WY	1	0	
422	(149) 961-2649	953 Green Second Parkway	Garland	SD	1	1	60
423	(731) 584-7011	596 Cowley Parkway	Shreveport	VT	1	1	45
424	(660) 069-3488	57 East Clarendon Freeway	Charlotte	NY	1	1	
425	(112) 693-7231	85 White First Freeway	Jacksonville	MI	1	1	60
426	(798) 329-5384	80 White Oak Freeway	Atlanta	MN	1	1	30
427	(079) 357-7653	631 White Nobel Street	Long Beach	TN	1	1	60
428	977-267-5042	19 Old Street	Tampa	MS	1	0	60
429	695-900-3687	69 South Fabien Boulevard	Indianapolis	MS	1	0	
430	112-636-6023	760 Green Hague Blvd.	Santa Ana	UT	1	1	45
431	292-719-1434	729 Rocky First Blvd.	Des Moines	NC	1	1	60
432	409-053-7465	65 Rocky Nobel Parkway	Cincinnati	WV	1	1	
433	248-547-4893	56 Old St.	Dallas	CT	1	0	30
434	(086) 774-0729	938 Old Boulevard	Des Moines	RI	0	0	60
435	(174) 316-5781	49 West White Cowley Road	Mobile	RI	0	1	30
436	(515) 302-7371	99 East Milton Drive	San Francisco	MD	0	1	60
437	(313) 292-3700	446 East Second Blvd.	Detroit	MN	1	1	
438	293-640-1552	584 Second Way	Birmingham	VT	1	1	
439	004-792-4292	898 West Old St.	Greensboro	OH	1	1	30
440	876-387-9259	897 Oak Boulevard	Phoenix	GA	1	1	60
441	970-317-2927	420 Second Street	Indianapolis	IN	0	0	30
442	(416) 721-9286	53 North Green Clarendon Avenue	Grand Rapids	OH	1	0	60
443	(026) 374-1985	54 North Green Old Street	Hialeah	NM	1	0	45
444	(579) 783-6013	67 East Hague Freeway	Miami	NY	1	1	45
445	(770) 651-2433	61 White Fabien Way	Cincinnati	WV	1	1	60
446	(965) 158-2296	83 Old Avenue	Raleigh	TN	1	1	30
447	656-489-8295	70 West Green Cowley Parkway	Garland	IA	1	0	45
448	(452) 468-5017	30 South Green Hague Freeway	Jersey	NC	1	0	30
449	487-793-7295	340 South Old St.	Colorado	DE	0	0	30
450	732-237-9511	95 White Clarendon Street	Shreveport	TX	0	1	
451	(068) 139-4883	21 Old Freeway	Jacksonville	MI	1	1	
452	(704) 732-7653	79 Green Oak Street	Baton Rouge	AZ	0	1	45
453	819-665-3234	828 Old Avenue	Glendale	CT	1	1	60
454	846-189-1230	835 White Hague St.	St. Louis	WY	1	1	30
455	(921) 412-9375	53 West Clarendon Freeway	Aurora	NY	1	0	30
456	(625) 662-9610	15 Oak Avenue	Jackson	AZ	1	1	60
457	061-261-0505	65 West Green Oak Freeway	Birmingham	VT	0	1	
458	(431) 623-6047	782 Rocky Oak Freeway	Glendale	CT	1	0	60
459	257-343-1125	235 White Hague Street	San Diego	SD	1	1	30
460	202-278-5435	126 West Rocky Cowley Boulevard	Tampa	NE	1	1	60
461	(001) 059-7610	296 Oak Way	Detroit	KY	1	1	
462	(294) 796-8258	85 Milton Blvd.	Portland	NE	1	0	30
463	920-912-9659	333 White Fabien Freeway	Grand Rapids	MO	1	1	
464	(269) 564-0385	234 Clarendon Parkway	Norfolk	NY	1	1	60
465	(289) 735-5409	420 Clarendon Boulevard	Baltimore	WY	0	1	45
466	975-493-3321	306 East New Avenue	Minneapolis	OR	1	0	
467	(168) 787-7320	22 Milton Street	Long Beach	TN	1	1	45
468	(051) 626-8105	503 South Rocky Second Road	Mobile	OH	1	1	60
469	(568) 223-5621	113 West Old Street	Honolulu	WI	1	1	45
470	(014) 860-1649	460 First Parkway	Indianapolis	MS	1	1	60
471	864-765-4689	753 White Second Freeway	Charlotte	WA	1	0	45
472	(953) 881-7663	41 Cowley Road	Louisville	ID	1	0	30
473	(421) 540-2037	58 South Nobel Way	Dallas	CT	1	0	
474	(675) 388-3808	681 Oak Blvd.	Stockton	NM	1	0	45
475	975-586-5648	76 Clarendon St.	Houston	OR	0	0	
476	(332) 529-0792	27 Rocky Old Way	Stockton	NM	1	1	
477	921-799-5914	79 White Nobel Street	Virginia Beach	MA	1	1	45
478	(294) 673-6934	77 Milton St.	El Paso	OH	1	1	60
479	(673) 883-4712	15 Rocky First Avenue	Washington	ME	0	1	60
480	(830) 956-2452	23 Hague Drive	Louisville	PA	1	1	45
481	(623) 787-5753	83 White Cowley Street	Fort Worth	UT	1	1	30
482	(574) 442-9256	443 Nobel Blvd.	Atlanta	AR	1	0	45
483	(498) 447-3943	637 North Green Hague Way	Lincoln	TX	0	1	
484	(825) 376-0179	196 Milton Blvd.	Tacoma	ID	1	0	60
485	216-522-9897	588 White New Road	San Jose	AL	1	0	30
486	(359) 314-7925	41 North Rocky Second Way	San Diego	SD	1	0	45
487	969-738-2378	737 Nobel Street	Arlington	KS	0	1	45
488	366-531-1565	667 Old Parkway	Grand Rapids	FL	1	1	45
489	478-436-9498	85 Oak Street	St. Petersburg	OK	0	0	60
490	(263) 313-2605	63 Rocky Old Road	Oklahoma	NM	1	0	
491	538-527-4744	36 Oak Avenue	Oklahoma	ND	0	1	
492	726-992-1016	765 Hague Way	Toledo	KY	1	0	60
493	(429) 517-5731	60 New Parkway	Raleigh	TN	1	0	
494	""	96 White Clarendon Road	Tucson	TN	0	1	60
495	(160) 523-9358	72 Green Second Drive	Jersey	WY	1	1	30
496	(280) 040-7594	285 South Green Milton Road	Minneapolis	NJ	0	0	60
497	(793) 643-0210	388 Cowley Blvd.	Akron	OH	1	1	
498	363-973-6519	83 Milton Avenue	El Paso	OH	1	1	60
499	849-912-9717	31 Old Boulevard	Kansas	NH	0	1	30
500	787-467-2255	47 Rocky Hague Parkway	Mobile	OH	1	1	30
501	286-737-2007	93 Second Freeway	Virginia Beach	MA	1	0	45
502	(655) 269-7140	136 West White New Blvd.	Portland	NE	1	1	
503	(275) 327-0402	46 South New Avenue	Charlotte	CA	0	1	30
504	579-544-7331	675 Cowley Way	Los Angeles	HI	0	1	60
505	(052) 002-4648	334 Nobel Street	Riverside	RI	1	1	
506	400-772-1758	35 First Drive	Austin	TX	0	1	45
507	(920) 230-1418	654 White Oak St.	Tacoma	ID	1	1	
508	322-782-3243	88 First Boulevard	Oklahoma	NM	0	0	30
509	(350) 765-5363	912 White Old Boulevard	Little Rock	MN	1	1	60
510	958-827-5904	995 New Road	Charlotte	NY	1	0	30
511	(887) 191-4912	504 North Rocky Fabien Street	Washington	ME	1	1	45
512	(680) 227-3549	895 Rocky Hague St.	Santa Ana	LA	0	1	30
513	(911) 323-6715	63 Cowley Freeway	Grand Rapids	OH	1	1	
514	197-752-8620	57 West Fabien Freeway	Omaha	AZ	1	0	60
515	423-676-7991	653 North New Street	Las Vegas	NH	1	0	30
516	223-546-7817	862 Nobel Avenue	Colorado	MD	0	1	
517	(250) 713-3999	25 East Oak Way	Phoenix	GA	1	0	
518	""	36 Cowley St.	Jersey	VT	1	1	
519	286-733-3450	262 First St.	Virginia Beach	CO	1	1	60
520	450-620-8646	344 Second Parkway	Corpus Christi	NE	1	1	
521	937-881-1597	264 Clarendon Way	Corpus Christi	LA	0	1	30
522	256-639-8033	627 Green Second St.	Jacksonville	NH	1	1	60
523	991-846-7926	55 White Hague Freeway	Indianapolis	IN	1	0	45
524	359-340-0802	47 Rocky Clarendon Parkway	Nashville	UT	0	1	30
525	472-020-3894	81 North Clarendon Street	St. Louis	NC	1	0	45
526	873-445-0403	27 Green Cowley Way	Charlotte	CA	1	0	30
527	931-554-7766	27 South Green Hague Blvd.	Anaheim	CA	1	0	
528	(109) 485-4074	94 Nobel Way	San Diego	AL	1	0	60
529	674-242-7294	753 Green Second Avenue	Cleveland	CT	1	1	30
530	963-031-5181	966 East Rocky Old Blvd.	Lincoln	TX	1	0	45
531	(908) 932-3839	51 Rocky Nobel Road	Stockton	ND	1	0	60
532	369-063-7932	125 Old Freeway	Oakland	NH	1	1	
533	129-450-3843	964 West White First Freeway	Toledo	SC	1	1	60
534	254-496-2804	65 Nobel Avenue	Hialeah	NM	0	1	30
535	(397) 458-9153	164 White Second Road	Boston	CO	1	0	30
536	(315) 935-4279	762 East First Parkway	Denver	NV	1	1	45
537	(001) 293-0691	70 South Green Nobel Boulevard	Albuquerque	WV	1	0	
538	(625) 905-2359	675 Green Cowley Street	Louisville	PA	1	1	60
539	540-540-0600	69 Old St.	Buffalo	AL	1	0	60
540	(097) 126-7609	54 West Rocky New Way	Toledo	KY	1	1	
541	884-328-6557	93 East Green Nobel Boulevard	St. Petersburg	OK	1	1	60
542	(290) 851-5673	880 Rocky Clarendon Avenue	Chicago	MI	1	0	60
543	(733) 620-1779	631 Oak St.	Spokane	NJ	1	1	
544	(322) 188-6212	65 First Freeway	Anaheim	KS	1	1	45
545	375-858-1909	865 Old Blvd.	Yonkers	MA	0	1	45
546	721-569-4226	957 East Hague St.	Seattle	NM	1	1	60
547	(714) 448-2614	448 South Hague St.	Miami	NY	1	0	
548	023-070-0260	561 Rocky First St.	Corpus Christi	NE	0	0	60
549	328-195-4642	424 Milton Drive	San Francisco	NE	1	1	45
550	(948) 192-8056	846 South Hague Freeway	Dallas	CT	1	0	30
551	027-980-7935	330 Second Way	Honolulu	WI	1	0	45
552	776-464-3586	581 Second Parkway	Honolulu	GA	1	1	
553	386-129-9024	108 West Cowley Parkway	New Orleans	LA	1	1	45
554	(697) 323-3621	637 Milton Freeway	Corpus Christi	IN	1	0	60
555	815-185-2932	54 South White First Boulevard	Riverside	WY	1	1	45
556	(765) 349-8224	789 New St.	Madison	SD	1	1	60
557	492-443-4935	10 White First Avenue	Fresno	UT	1	1	60
558	(682) 174-1183	54 Fabien Freeway	Montgomery	KY	0	1	45
559	221-835-7376	77 Rocky Clarendon Way	Spokane	NJ	1	1	45
560	(257) 928-0031	915 West Nobel Boulevard	Buffalo	AL	1	0	
561	801-995-8661	87 Green Milton Drive	Yonkers	MA	0	1	
562	(084) 454-4042	59 West Green Milton Avenue	Cincinnati	CO	1	1	
563	203-573-2663	456 North White Cowley Way	Atlanta	AR	1	0	
564	(701) 039-6872	931 West First Way	Des Moines	RI	1	1	45
565	(517) 339-3963	187 Green New Drive	Denver	WV	1	1	30
566	(589) 147-9622	97 South Fabien St.	Corpus Christi	LA	1	1	60
567	(459) 401-8900	50 Cowley Road	Yonkers	MA	1	0	45
568	(721) 356-9608	688 Clarendon Blvd.	Wichita	AK	1	1	45
569	204-083-9390	889 Rocky Old St.	Baton Rouge	DE	1	0	60
570	(990) 377-4597	74 Oak Street	Anaheim	KS	1	1	30
571	(532) 509-5902	41 West Fabien Parkway	Cincinnati	WV	1	0	45
572	287-218-6057	16 White Second Parkway	Cleveland	OK	0	0	45
573	(681) 462-1242	820 North Fabien St.	El Paso	FL	1	1	30
574	400-084-8642	13 Old Avenue	Pittsburgh	WV	0	1	
575	720-641-7770	12 Old Freeway	Fresno	UT	1	0	
576	748-575-9465	928 South Second Avenue	Houston	NJ	1	1	
577	(058) 868-1761	217 Green Second St.	Miami	MT	1	1	
578	332-277-7570	740 East Hague Boulevard	Columbus	IL	1	0	30
579	(260) 305-8610	36 White New Boulevard	Anchorage	FL	1	1	45
580	202-782-2633	763 East Fabien Freeway	Los Angeles	KS	1	0	45
581	(724) 566-6688	48 South Oak Way	Minneapolis	OR	0	0	60
582	(568) 990-2232	92 North Green Milton Freeway	San Diego	AL	1	1	60
583	347-784-2340	750 South Cowley Way	Wichita	AK	0	1	30
584	(465) 610-7033	813 Green Old Drive	Cleveland	OK	1	1	60
585	014-782-8812	32 Hague Road	Arlington	KS	1	1	45
586	457-632-6468	25 West First Blvd.	Tulsa	HI	1	0	60
587	666-135-9133	37 North First Blvd.	Anchorage	FL	1	1	45
588	777-412-3473	17 East Rocky Fabien Parkway	Stockton	NM	1	1	
589	496-145-1713	93 Green Second Avenue	Anchorage	MT	0	0	60
590	(555) 808-7245	859 Green Hague Parkway	Akron	MO	1	1	60
591	226-516-5410	73 Old Freeway	Miami	MT	1	1	60
592	502-786-8457	463 White First Blvd.	Chicago	NH	1	1	45
593	244-809-0282	739 Green Old St.	Raleigh	NJ	0	1	60
594	001-424-0386	60 White New Street	Corpus Christi	IN	1	1	60
595	322-517-0615	34 Green Hague Street	Little Rock	AR	1	1	60
596	092-107-2823	82 Green Milton Drive	El Paso	OH	1	0	30
597	(407) 246-0075	862 Cowley Road	Lincoln	MN	1	1	30
598	045-686-1457	298 West Rocky Second St.	Oakland	ME	1	0	60
599	944-027-9931	54 Old Street	Rochester	NV	1	1	30
600	916-288-2462	85 Old Avenue	Milwaukee	MT	1	1	60
601	826-707-5556	11 First Road	Austin	TX	0	0	60
602	(555) 840-7958	265 White New Way	Boston	NV	1	1	60
603	105-431-2849	20 Fabien Boulevard	Seattle	HI	0	0	45
604	510-682-8144	44 Oak Drive	Sacramento	CA	1	1	30
605	(578) 353-0718	895 Oak Blvd.	Anchorage	MT	1	1	
606	260-875-9919	74 Rocky New Avenue	Birmingham	VT	1	1	60
607	133-030-0660	99 Oak Drive	Boston	WV	1	0	
608	034-924-1455	61 South Green Clarendon Road	Stockton	NM	1	1	
609	(896) 593-3174	58 West Rocky Old Avenue	St. Paul	WI	1	0	30
610	643-755-5397	638 White Oak Road	Atlanta	TX	1	1	
611	(284) 017-9240	51 East Green Cowley Blvd.	Fresno	UT	0	1	60
612	920-376-1787	42 Green Second Boulevard	Tulsa	NM	1	0	60
613	(434) 844-7248	65 Hague Freeway	San Jose	IA	0	1	
614	414-825-2443	16 Green Oak Parkway	San Antonio	MS	1	0	45
615	(766) 746-7621	240 White Clarendon Boulevard	Jersey	VT	1	1	
616	480-702-3191	40 First Drive	Norfolk	FL	1	1	
617	103-187-5104	69 New Boulevard	Cleveland	OK	1	1	30
618	374-308-3952	11 East Second Parkway	San Jose	ME	1	1	
619	""	922 White New Parkway	El Paso	MO	0	1	45
620	(353) 854-2600	362 White New Blvd.	Corpus Christi	NE	0	1	
621	294-137-6286	552 Fabien Street	Portland	IN	1	1	60
622	(749) 508-8463	673 Rocky Oak Road	Hialeah	HI	0	1	60
623	(586) 251-4219	238 Oak Avenue	Virginia Beach	MA	1	1	60
624	908-379-7247	91 East First Way	Boston	NV	0	1	45
625	006-909-6536	632 Hague Parkway	Sacramento	WA	0	0	
626	966-101-5406	11 Milton Road	Buffalo	IA	1	0	30
627	038-093-6498	607 North Old Blvd.	Las Vegas	ME	1	1	30
628	438-267-5754	388 Hague Blvd.	Sacramento	CA	1	1	
629	(427) 417-6865	41 New Way	Dayton	IL	0	1	45
630	(927) 103-5449	877 Clarendon Way	Mobile	RI	1	0	30
631	(709) 909-6647	735 Milton Road	Birmingham	WY	1	1	30
632	(699) 621-0230	678 White Old Boulevard	St. Paul	GA	1	0	60
633	629-084-9069	785 Second Road	Fresno	MA	1	0	45
634	518-715-4737	89 North Green Clarendon Parkway	Greensboro	OH	1	0	30
635	062-077-7064	36 Old St.	Albuquerque	NV	1	0	30
636	080-757-4827	617 East Cowley Blvd.	Wichita	PA	0	1	45
637	810-995-8797	75 West Green Second Parkway	Phoenix	DE	0	1	45
638	477-445-7603	26 New Freeway	Tucson	TN	1	1	
639	135-055-9357	389 South Green Hague Freeway	Detroit	VA	1	1	60
640	027-655-1021	735 Nobel Freeway	Little Rock	VA	1	1	
641	442-241-1662	76 Rocky Milton Street	Arlington	WA	1	1	30
642	737-885-8061	867 Green Cowley Parkway	Richmond	AK	1	1	60
643	250-031-1841	84 Oak Street	Pittsburgh	CO	0	1	60
644	112-969-3536	64 East First Street	Akron	MO	1	1	30
645	510-972-5723	51 West Green Hague St.	Boston	WV	0	1	60
646	282-303-7228	193 Oak Way	Lincoln	MN	1	1	60
647	255-619-8427	48 East Fabien Street	Santa Ana	LA	1	1	45
648	(641) 964-2625	403 Green Second Street	Charlotte	WA	1	0	
649	487-174-2966	20 Green Milton Street	Wichita	PA	1	0	30
650	(084) 880-0699	203 First Freeway	San Jose	AL	1	1	
651	""	87 Green Old Parkway	Anaheim	HI	1	0	
652	(390) 405-6164	76 Cowley Drive	Toledo	SC	1	1	
653	(229) 213-1777	666 White Oak Way	Aurora	WA	1	0	
654	701-666-8523	822 Rocky Old Road	Boston	WV	1	0	45
655	129-850-6569	46 Cowley Drive	Houston	OR	1	1	
656	(833) 232-0473	536 South Green Old Drive	Memphis	FL	1	1	30
657	340-231-7392	254 Green Fabien Parkway	Montgomery	SC	1	1	
658	(355) 274-1504	43 Second Boulevard	Toledo	SD	1	0	30
659	255-604-5761	31 West Clarendon Blvd.	Yonkers	UT	1	0	
660	596-332-8011	219 Rocky Clarendon Parkway	St. Paul	WI	1	1	60
661	258-556-8460	10 Clarendon Street	Pittsburgh	WV	1	1	
662	(070) 849-8014	922 East Nobel Freeway	Des Moines	NC	1	1	
663	(653) 459-8852	615 Oak Boulevard	Norfolk	NY	1	0	60
664	(123) 804-9021	304 Rocky Clarendon St.	Baton Rouge	DE	1	1	60
665	677-285-1269	79 Milton Street	Grand Rapids	FL	0	0	
666	(925) 160-7862	511 Oak Parkway	Fort Worth	MA	1	0	60
667	(521) 693-0504	404 Old Drive	Greensboro	OH	0	1	60
668	016-931-5692	177 Hague Boulevard	San Antonio	MD	1	1	60
669	084-507-0221	655 South New Boulevard	St. Paul	WI	1	1	
670	195-925-1639	60 Oak Parkway	Madison	SC	1	1	
671	(743) 030-0197	198 Old Boulevard	Tucson	MI	1	1	60
672	(046) 635-0336	697 Hague Freeway	Yonkers	UT	0	1	30
673	(675) 691-9714	985 West New Avenue	New York	TX	0	0	
674	847-246-0530	72 Fabien Road	Cleveland	CT	0	1	30
675	(301) 975-5311	961 Green New Boulevard	Shreveport	WY	0	1	45
676	(495) 656-6139	97 Nobel Boulevard	Louisville	PA	1	1	60
677	702-592-5859	224 Second Boulevard	Newark	GA	1	0	60
678	(930) 322-0137	440 East Green Hague Way	Charlotte	CA	1	1	60
679	309-065-1551	152 East First Road	Baton Rouge	DE	1	1	60
680	(376) 116-0164	614 Rocky Nobel Street	Minneapolis	NJ	1	0	60
681	902-344-8597	483 Rocky Second Boulevard	St. Paul	CT	1	1	30
682	256-067-5664	58 Nobel Freeway	New Orleans	IN	1	0	30
683	(983) 085-3777	77 Fabien Drive	Milwaukee	NY	1	0	30
684	(907) 110-5349	87 Cowley Parkway	Los Angeles	KS	1	1	
685	551-236-2370	103 North Oak Way	Shreveport	TX	1	1	
686	295-593-9229	86 East New St.	Oklahoma	NM	0	1	45
687	(291) 985-5747	87 Oak Freeway	Louisville	AK	0	0	30
688	""	179 Green Second Freeway	Raleigh	OR	1	1	30
689	(846) 283-8130	64 New Freeway	New York	AR	1	1	
690	(586) 217-1511	353 Nobel Blvd.	Lubbock	PA	1	0	
691	377-745-6272	95 Nobel Blvd.	Houston	NJ	1	1	45
692	(107) 532-0259	313 White Oak Way	Nashville	LA	1	1	
693	(309) 192-3528	12 South Green Hague Street	Memphis	MT	1	0	45
694	245-000-8252	321 Rocky Hague Way	Newark	GA	1	1	30
695	(652) 391-2611	68 White First Freeway	Wichita	PA	0	1	
696	(715) 805-6690	54 White New Way	Mobile	NC	1	1	30
697	265-763-3545	280 White Fabien Way	Las Vegas	ME	1	1	45
698	(288) 793-6840	60 White Clarendon Street	Austin	TX	0	0	30
699	(868) 483-0246	76 East Green Clarendon Parkway	Omaha	AZ	1	1	45
700	802-094-7035	945 Fabien Freeway	Dallas	OK	1	1	45
701	964-528-6212	401 West New Road	Virginia Beach	MA	1	1	
702	(864) 147-6201	90 White Milton Street	Minneapolis	NV	0	0	45
703	879-986-7705	41 Milton Street	Toledo	SC	1	1	30
704	(301) 689-6344	176 Old Boulevard	Louisville	ID	1	1	30
705	026-578-2223	73 Cowley Avenue	Birmingham	TX	1	0	60
706	869-352-0158	15 White Clarendon Way	Richmond	PA	1	1	60
707	(054) 033-0692	100 South Second Parkway	Fort Wayne	AZ	1	1	60
708	(795) 853-4902	54 South Green Clarendon Drive	Anchorage	FL	1	0	
709	(149) 618-8736	58 Green Second Freeway	Yonkers	MA	1	1	30
710	(525) 189-5295	726 East Green Oak Boulevard	San Antonio	MS	1	1	
711	(154) 293-7262	770 Rocky Oak Drive	San Jose	ME	0	1	45
712	189-504-3911	710 Rocky Oak Road	Oklahoma	AK	1	0	60
713	867-775-2631	660 White Clarendon Freeway	San Jose	AL	1	1	60
714	435-390-2792	640 Cowley St.	Louisville	PA	1	0	60
715	155-447-4457	36 Milton Blvd.	Tucson	NJ	1	0	45
716	(528) 157-4386	410 Oak Drive	Jackson	MD	1	1	60
717	401-151-0374	39 North New Avenue	Fort Worth	UT	1	1	30
718	(903) 422-8501	258 White Milton St.	Jackson	AZ	0	1	45
719	(122) 566-2958	81 West Hague Drive	Corpus Christi	IN	1	1	
720	257-330-9216	47 Old Freeway	Aurora	NY	1	1	60
721	164-286-1995	233 Green Fabien Street	Indianapolis	MS	1	1	60
722	830-547-7389	61 Nobel Boulevard	Oakland	NH	1	1	30
723	(296) 722-5568	94 Hague Blvd.	Buffalo	IA	1	1	30
724	(488) 745-2605	835 Milton Road	Norfolk	NY	0	0	30
725	802-684-3983	784 New Way	Grand Rapids	FL	1	1	45
726	(759) 229-5017	586 Clarendon Boulevard	Cincinnati	CO	1	0	60
727	(708) 636-2223	76 Green Milton Road	San Diego	IA	0	0	60
728	(489) 128-6323	945 Hague Parkway	Louisville	AK	1	1	30
729	511-584-1679	624 Nobel Freeway	Newark	DE	1	0	
730	274-265-1869	112 First Avenue	Yonkers	LA	1	1	60
731	349-378-0481	46 Milton Street	Boston	CO	1	0	30
732	736-754-9413	374 East Rocky Hague Way	Corpus Christi	LA	0	1	45
733	(032) 149-6467	225 Rocky Nobel Way	Dayton	IL	1	1	30
734	(600) 839-2422	465 Clarendon Boulevard	Colorado	MD	1	0	60
735	541-300-1203	38 West Green Second Avenue	Milwaukee	MT	1	1	45
736	(625) 033-4040	758 White Nobel Blvd.	Sacramento	CA	1	1	60
737	173-851-2534	373 North Rocky Fabien Way	Omaha	MD	1	0	60
738	(880) 081-9212	92 West White New Road	Philadelphia	MO	1	1	30
739	(005) 075-9156	555 South White First Way	Kansas	MI	1	0	
740	996-230-0000	97 Second Parkway	Madison	SD	1	1	60
741	(807) 451-0034	486 First Avenue	Honolulu	WI	1	1	60
742	(988) 960-6406	758 First St.	Philadelphia	FL	1	1	45
743	053-545-3923	285 South Clarendon Boulevard	Raleigh	NJ	1	1	30
744	(953) 056-1604	88 South Fabien Drive	Birmingham	VT	1	1	45
745	(336) 961-7388	268 First Way	Omaha	MS	1	1	30
746	(491) 331-1260	603 North Green Oak Freeway	Phoenix	WI	1	1	60
747	469-365-2436	24 Old Blvd.	Tucson	MI	0	1	45
748	898-567-4417	384 Fabien St.	Anaheim	HI	1	1	30
749	231-730-3853	85 White Second Way	Mobile	OH	1	0	60
750	662-763-3442	73 First Way	Lubbock	IL	0	0	
751	(158) 938-2381	26 Green First Boulevard	Atlanta	AR	1	0	30
752	(606) 124-2490	143 Green Nobel Freeway	Columbus	IL	1	1	60
753	075-278-9941	565 Rocky New St.	Colorado	DE	1	1	
754	388-255-7208	201 White Milton Boulevard	Baltimore	VT	1	0	
755	345-378-8286	446 Second Drive	Glendale	WI	0	0	30
756	077-564-6383	64 East Cowley Parkway	Fort Wayne	AZ	1	1	45
757	025-844-3588	498 East Milton Drive	Omaha	MS	0	1	
758	957-662-5121	735 Oak Way	Miami	WA	1	1	30
759	820-205-7474	959 Second Street	Oakland	NH	0	1	30
760	(411) 753-6278	818 Clarendon Parkway	Omaha	MS	1	0	
761	(631) 547-5868	65 South Hague Boulevard	Birmingham	VT	1	1	45
762	(727) 275-0543	33 White Fabien Street	Tucson	NJ	1	0	45
763	672-549-3089	193 First Freeway	Akron	OH	1	0	
764	530-203-5467	35 Green Old St.	Las Vegas	ME	1	0	
765	(362) 804-5238	136 Old Blvd.	Arlington	KS	1	1	45
766	(963) 928-4605	13 Cowley Parkway	Mobile	RI	0	0	30
767	(176) 960-7607	31 Green First Parkway	Jacksonville	TN	1	1	30
768	775-604-1382	170 White Oak Freeway	New Orleans	LA	1	1	
769	(161) 727-6497	81 North White Oak Avenue	Tampa	MS	1	1	45
770	(872) 419-0682	632 White Milton St.	Jacksonville	MI	1	1	30
771	620-234-5795	856 Rocky Milton Road	Indianapolis	IN	1	0	45
772	104-619-1673	77 Rocky First Drive	Montgomery	SC	1	0	
773	644-431-4259	95 First Drive	Omaha	MD	1	0	
774	152-195-1967	838 Second Blvd.	Oklahoma	AK	1	0	30
775	(139) 704-2515	624 Milton Parkway	Seattle	HI	1	1	
776	523-312-4917	12 White Oak Drive	San Francisco	MS	1	0	
777	248-082-3627	995 South Hague Boulevard	St. Louis	RI	1	0	60
778	(267) 164-5931	476 Second Boulevard	Fort Worth	MA	1	1	60
779	997-089-6459	40 East White Oak Blvd.	Newark	DE	1	1	45
780	974-823-1562	32 North Hague Drive	St. Petersburg	OK	1	1	
781	(993) 871-8274	85 Rocky Milton Road	Garland	IA	1	1	45
782	(020) 099-4827	123 Clarendon Street	Wichita	AK	1	0	30
783	(723) 768-1619	836 Clarendon Avenue	Akron	OH	1	0	30
784	(927) 186-4522	34 North Oak St.	Aurora	NY	1	1	30
785	(446) 685-8064	65 Green First Street	Birmingham	TX	1	1	
786	040-538-0752	113 Cowley Drive	Tacoma	OK	1	0	45
787	784-273-0925	850 Old Blvd.	Tampa	NE	1	1	
788	(377) 148-5170	822 White Cowley Blvd.	Columbus	ID	0	1	45
789	(485) 267-5229	67 New Street	Seattle	HI	1	1	
790	408-149-0901	66 South Hague Way	Jacksonville	NH	1	1	45
791	337-412-3825	28 Fabien Freeway	Des Moines	OH	1	0	30
792	254-545-2688	78 New Avenue	Seattle	ND	0	1	
793	(763) 606-4948	92 Cowley Drive	San Francisco	MS	1	1	
794	(607) 860-5865	68 Green First Freeway	Minneapolis	OR	0	0	
795	(104) 814-4185	489 Nobel St.	Cleveland	IL	1	0	60
796	057-338-9196	58 White Old Blvd.	Charlotte	CA	1	0	
797	(154) 870-5899	380 Second Boulevard	Anaheim	KS	1	1	
798	558-903-0928	44 Milton Drive	Pittsburgh	CO	1	1	60
799	(026) 106-6778	56 Rocky Nobel St.	Cincinnati	WV	1	0	
800	997-596-3670	87 Clarendon Blvd.	St. Paul	WI	0	1	45
801	558-713-1877	408 Nobel Drive	El Paso	FL	1	1	60
802	(805) 070-2821	97 Nobel Parkway	Riverside	RI	1	1	60
803	(804) 054-8718	252 Rocky Old Boulevard	Albuquerque	OR	1	1	
804	(786) 705-1692	35 East Green Second Way	Boston	NV	1	0	30
805	(307) 874-3666	41 Green Second Avenue	Little Rock	VA	1	1	30
806	(278) 432-1432	596 Milton Way	Lubbock	PA	1	1	
807	(971) 498-0505	403 Old Avenue	Fresno	UT	0	1	30
808	(401) 880-7887	951 East Rocky Clarendon Road	Mobile	RI	0	1	30
809	(922) 692-4712	13 Hague Way	Richmond	ND	1	1	45
810	631-068-2241	11 North Rocky Old Way	Las Vegas	NH	1	1	45
811	(030) 888-3483	72 West Green Old Blvd.	Aurora	WA	1	1	30
812	(539) 057-6065	77 Old Avenue	Tucson	NJ	1	0	
813	(091) 465-7430	611 Green Clarendon Avenue	Baton Rouge	DE	1	1	30
814	979-196-3819	761 White Fabien Boulevard	Yonkers	LA	1	0	30
815	690-708-3387	54 Fabien St.	Las Vegas	ME	1	1	45
816	(641) 895-1931	91 Rocky Clarendon Road	Lincoln	AR	1	1	30
817	(524) 904-4026	707 Cowley Boulevard	Oklahoma	ND	1	1	
818	359-612-6007	283 Rocky Milton Blvd.	Louisville	PA	0	1	
819	(800) 868-8382	97 Green Fabien St.	Madison	IA	1	1	30
820	917-905-0949	149 First Parkway	Raleigh	NJ	1	0	60
821	534-079-0672	469 West Hague Drive	Minneapolis	NJ	1	0	60
822	765-149-3879	22 Oak Road	Colorado	MD	1	1	45
823	""	69 New Drive	Fort Wayne	AZ	1	0	
824	(001) 724-8622	73 White Oak Way	Newark	DE	1	1	30
825	014-428-3174	12 White Fabien Drive	Charlotte	CA	1	1	60
826	063-553-5853	34 North Nobel Road	Charlotte	CA	1	1	45
827	781-634-4048	64 Milton Drive	San Antonio	MS	1	1	60
828	701-444-3272	14 Cowley Blvd.	Jersey	NC	1	0	
829	(652) 466-0883	926 Fabien Way	Omaha	AZ	1	0	30
830	125-062-7194	762 White First Street	Anchorage	MT	0	1	45
831	581-135-8349	32 Green Old Boulevard	Houston	NJ	1	1	
832	(025) 760-6026	352 North Fabien Way	Long Beach	TN	1	1	60
833	801-809-7422	54 Green First Road	Birmingham	TX	1	1	30
834	(311) 595-6761	735 Green Fabien Road	Kansas	MI	0	1	60
835	200-450-2400	353 Rocky Nobel Avenue	Nashville	IN	1	1	30
836	(408) 377-8108	801 East Second Street	Lincoln	TX	1	0	
837	433-559-3777	36 Milton Blvd.	Garland	SD	1	0	30
838	(979) 669-9178	46 Rocky Nobel Parkway	Austin	TX	1	1	
839	183-963-0358	270 East Cowley Parkway	Rochester	OR	0	1	
840	717-315-2529	771 North White Clarendon Avenue	Corpus Christi	LA	1	0	
841	(429) 814-3186	31 East Rocky Nobel Road	Houston	OR	1	1	30
842	(660) 617-3245	376 East Clarendon Blvd.	Santa Ana	LA	1	1	
843	(683) 243-3808	629 Green Nobel Parkway	Baton Rouge	AZ	1	0	30
844	(757) 945-5431	75 First Freeway	Hialeah	KS	0	1	30
845	(872) 947-8848	96 Oak Parkway	New York	TX	1	1	30
846	217-850-5767	922 Rocky New Street	Little Rock	AR	1	0	45
847	386-270-5788	587 New Avenue	Buffalo	AL	1	0	30
848	(682) 773-6436	136 West First Street	San Jose	AL	1	1	30
849	245-961-1350	673 Rocky Second Street	Lubbock	PA	1	1	60
850	509-081-4507	619 Rocky Hague Drive	Riverside	WY	1	1	
851	227-104-2797	759 Green New Drive	Long Beach	MI	0	0	45
852	(695) 977-5457	22 White Cowley Avenue	Virginia Beach	CO	0	1	30
853	900-917-6987	47 Green Fabien Road	Mesa	ND	1	1	30
854	(829) 849-0370	208 West Cowley Boulevard	Montgomery	KY	1	1	30
855	(631) 281-6788	664 Second Freeway	Louisville	ID	1	1	30
856	(368) 528-4183	34 White New Freeway	San Francisco	NE	1	1	
857	073-913-7453	498 White New Drive	Lubbock	ID	1	0	60
858	(514) 422-5540	264 North Nobel Blvd.	Baton Rouge	DE	1	1	30
859	995-261-4998	216 East New Freeway	Riverside	NC	1	1	30
860	(837) 827-6793	797 West Green New St.	Columbus	ID	1	1	45
861	(283) 303-8606	439 West Clarendon Parkway	Toledo	KY	0	1	30
862	(751) 815-8215	88 Hague Road	Oklahoma	AK	1	1	45
863	289-456-5043	22 White New Way	Baton Rouge	GA	1	1	60
864	401-704-6350	643 West Fabien Way	Toledo	SD	1	1	60
865	(917) 465-7129	60 Green Cowley Avenue	Atlanta	TX	1	0	45
866	(910) 556-0974	184 Hague Blvd.	Colorado	MD	1	1	45
867	(153) 566-2699	19 First Freeway	Mobile	OH	1	1	60
868	(309) 032-3054	343 Old Drive	Fort Wayne	AZ	1	1	60
869	(170) 448-8843	667 Milton Drive	Tulsa	HI	1	1	30
870	(845) 023-0049	27 South First Drive	Madison	SD	1	1	30
871	238-343-5950	125 East Rocky Cowley Road	Des Moines	OH	1	1	30
872	103-867-4941	25 Rocky Cowley Drive	Shreveport	WY	1	1	30
873	""	870 Oak Street	Colorado	DE	0	0	30
874	705-519-9400	912 Nobel St.	Akron	RI	0	1	60
875	(859) 618-6702	17 Green Second Way	Glendale	CT	0	0	45
876	895-527-4044	832 South Green Second Way	Cleveland	OK	1	0	60
877	(196) 530-0347	619 East Green Cowley Drive	Louisville	AK	1	0	60
878	(384) 266-8849	964 Green Fabien St.	Indianapolis	NE	0	1	
879	085-817-0175	718 East Fabien Parkway	Santa Ana	UT	1	1	45
880	(826) 081-5116	466 Fabien Way	Buffalo	IA	1	1	30
881	(173) 768-8290	611 Milton St.	Bakersfield	CA	1	0	30
882	(736) 361-1787	40 Green Nobel Freeway	Akron	MO	1	1	45
883	(240) 066-7185	72 Green New Parkway	Las Vegas	AL	0	1	45
884	(448) 848-5533	998 Clarendon Blvd.	St. Louis	RI	1	1	45
885	667-449-2793	14 North Oak Parkway	Glendale	CT	1	1	60
886	(548) 541-8898	13 South Green First Way	Columbus	IL	1	0	45
887	858-706-4816	94 Clarendon Road	Corpus Christi	NE	1	1	
888	210-337-7675	102 North White First Way	Bakersfield	CA	0	1	30
889	(880) 895-9260	126 Green Oak Street	Arlington	WA	1	1	30
890	095-615-7441	111 South Rocky Cowley Boulevard	Madison	SD	1	0	30
891	(819) 783-7588	70 Oak Street	Austin	VT	1	0	30
892	188-529-0882	69 Rocky Cowley Drive	St. Louis	NC	1	0	30
893	(151) 668-3420	719 New Road	Riverside	WY	1	0	
894	(201) 695-6169	10 Hague Parkway	Oklahoma	NM	1	0	60
895	103-524-4128	52 Green First Blvd.	Phoenix	WI	1	1	30
896	530-145-7163	45 Green Old Freeway	El Paso	MO	1	0	60
897	990-775-0859	80 White Second St.	San Francisco	NE	1	1	60
898	(594) 213-1184	12 Green Oak Way	Boston	CO	0	1	60
899	218-622-0619	738 Green First Avenue	Columbus	IL	1	1	45
900	329-344-6904	383 Cowley Road	Miami	NY	1	0	30
901	897-240-9328	76 White Nobel Drive	Greensboro	OH	1	0	60
902	985-319-1510	71 South Rocky Milton Drive	Jersey	NC	1	1	30
903	590-366-8863	709 White Hague Boulevard	Kansas	MI	0	0	30
904	(260) 648-3716	185 Green Nobel Blvd.	Seattle	ND	1	0	45
905	820-853-2952	65 White Fabien Street	Toledo	KY	0	1	
906	""	58 Clarendon Street	Garland	IA	1	1	45
907	(976) 955-5741	815 East Rocky Fabien Drive	Arlington	WA	1	1	45
908	631-963-7456	238 Green New Freeway	Minneapolis	OR	1	1	30
909	(309) 009-1160	46 South Green New Boulevard	Birmingham	TX	1	1	30
910	(637) 873-8727	24 Fabien Boulevard	Jackson	MD	1	0	45
911	(913) 420-8015	569 North Fabien Street	Corpus Christi	LA	1	1	30
912	290-299-7983	97 Rocky Fabien Freeway	Indianapolis	NE	1	1	
913	211-666-8351	457 West Rocky Milton Boulevard	Miami	WA	1	1	
914	(475) 037-7345	403 Green First Road	Glendale	CT	1	0	30
915	(444) 363-9790	568 Clarendon Way	Omaha	MD	1	0	60
916	(162) 689-4526	856 Hague Road	Santa Ana	UT	1	1	45
917	378-225-9376	751 Milton Road	Honolulu	GA	1	1	
918	874-946-1384	68 Cowley Boulevard	Madison	SD	1	1	30
919	(999) 993-9781	242 South Oak Way	Madison	SC	1	0	
920	782-122-0262	689 White Oak Boulevard	Sacramento	WA	1	1	45
921	643-714-4067	97 Milton Road	Indianapolis	MS	0	1	60
922	(861) 793-1732	66 White Clarendon Way	Aurora	NY	1	1	45
923	(871) 305-4035	707 North White New St.	Des Moines	RI	1	1	60
924	(424) 758-1756	144 White Old Blvd.	Santa Ana	LA	1	0	45
925	364-011-9944	329 Green Oak Boulevard	Boston	CO	1	1	30
926	(115) 767-2045	116 Nobel Way	Mesa	AK	0	1	45
927	631-001-6841	469 Hague Street	Oakland	ME	1	1	60
928	348-443-1292	26 West Rocky Oak Parkway	Spokane	NJ	1	1	60
929	339-571-8830	27 Nobel Drive	Yonkers	LA	0	1	45
930	(467) 005-1101	36 Old Street	Nashville	LA	1	1	
931	(186) 465-8058	274 Green Old St.	Detroit	MN	1	0	45
932	609-194-5426	910 East Fabien Avenue	Fremont	PA	0	1	30
933	284-653-2566	25 Old Boulevard	Baltimore	NC	0	0	45
934	879-482-1600	23 Rocky Second Street	Miami	WA	1	0	60
935	(315) 700-5110	420 North Hague Freeway	Seattle	NM	1	1	60
936	(838) 126-5921	12 Cowley Blvd.	Baltimore	NC	0	1	
937	(684) 366-0897	69 East White First Drive	Lubbock	ID	1	1	45
938	(181) 353-7599	922 White Nobel Avenue	Austin	TX	1	0	
939	(665) 793-6567	54 Fabien Drive	Raleigh	TN	1	1	45
940	(394) 986-7876	181 Cowley Boulevard	Virginia Beach	CO	0	1	45
941	086-613-3302	102 Green Clarendon St.	Riverside	RI	1	1	
942	(156) 554-0592	26 New Drive	Norfolk	MT	1	1	
943	868-256-8218	19 Hague Way	St. Louis	RI	0	0	60
944	(603) 325-1001	17 Fabien Blvd.	New York	TX	0	0	60
945	(815) 335-5898	103 White Hague Freeway	Grand Rapids	MO	1	1	60
946	744-150-1185	938 South Fabien St.	Rochester	NV	1	1	
947	(480) 239-6740	770 West White Milton Blvd.	Dayton	OK	1	1	60
948	(557) 524-5308	86 Second Blvd.	Nashville	IN	1	1	45
949	(035) 091-8763	250 Rocky Nobel Parkway	Garland	SD	1	0	45
950	(772) 004-3391	640 Rocky Old Blvd.	St. Louis	WY	0	1	60
951	(271) 116-2604	49 East Green Cowley Way	Madison	SD	1	1	30
952	698-840-0971	792 Oak Avenue	San Francisco	MD	0	1	
953	(918) 744-6222	251 Cowley Parkway	Tulsa	HI	1	1	60
954	(460) 159-5836	867 Fabien Freeway	Norfolk	MT	1	1	45
955	616-723-7173	59 Green Milton Avenue	San Francisco	MS	1	0	30
956	(358) 063-9198	945 East Fabien Parkway	Dallas	WI	1	1	60
957	505-815-5341	822 Fabien Parkway	San Jose	IA	1	1	60
958	(889) 030-9669	187 Old Road	Arlington	WA	0	1	
959	159-675-6652	987 Green Old St.	Newark	GA	0	1	60
960	(951) 606-2171	327 Rocky First Blvd.	Fort Worth	UT	1	0	60
961	184-143-4542	714 Clarendon Drive	Norfolk	MT	0	0	
962	222-329-5739	43 Fabien Blvd.	Glendale	WI	1	0	60
963	370-205-1716	15 White Fabien Avenue	Denver	NV	1	1	45
964	(154) 248-9982	168 North White Second Road	Cincinnati	WV	1	1	45
965	374-826-5907	774 East White Second Road	Dayton	IL	0	1	45
966	046-802-2060	146 Green First Street	Tulsa	NM	1	0	
967	(706) 484-3972	604 East New St.	Oakland	ME	1	0	60
968	(042) 748-3135	837 East First Road	Richmond	ND	0	0	30
969	(435) 928-3028	38 Rocky Hague Way	Rochester	NV	1	1	45
970	169-779-7037	769 West Green First Blvd.	Akron	MO	1	0	45
971	746-319-4929	912 Nobel Avenue	Hialeah	NM	1	1	60
972	023-514-1776	89 Hague Drive	Montgomery	VA	1	0	
973	(644) 757-4347	45 Rocky First Road	Denver	WV	1	1	45
974	104-138-7323	689 Milton Blvd.	Baltimore	NC	1	1	60
975	291-743-4920	614 West Old St.	Santa Ana	UT	1	0	45
976	804-525-2051	645 Second Freeway	Pittsburgh	CO	1	1	60
977	619-775-1702	44 Rocky Hague Road	Toledo	SC	1	1	45
978	544-457-8485	244 Milton Road	New Orleans	IN	1	1	30
979	(611) 623-0830	23 Hague Avenue	Nashville	LA	1	0	30
980	876-436-5461	10 South Rocky Fabien Way	Fort Worth	MA	1	0	
981	(245) 248-6455	96 Clarendon Way	Spokane	TN	1	1	60
982	457-948-7511	92 Hague Blvd.	Grand Rapids	MO	1	0	30
983	569-941-3181	714 Green Nobel Street	Lincoln	MN	1	1	60
984	(027) 433-6228	85 Green First Boulevard	Jackson	AZ	0	0	
985	(600) 905-5054	32 Green First Drive	Miami	NY	1	1	60
986	(265) 000-7161	703 Rocky Fabien Road	Dallas	OK	1	1	30
987	(062) 308-1622	11 Rocky Milton Way	Boston	CO	1	0	60
988	(663) 347-6479	770 Fabien Boulevard	San Francisco	MD	0	0	
989	(284) 698-8400	36 East Oak Parkway	Mesa	AK	0	1	30
990	(585) 788-7579	41 Rocky First Avenue	Akron	OH	0	1	60
991	973-071-2463	37 Rocky Cowley Avenue	Jersey	VT	0	1	60
992	(899) 485-9921	568 South Nobel St.	Garland	SD	1	1	45
993	(180) 188-1793	16 White Old Freeway	Virginia Beach	CO	1	1	
994	601-602-5459	721 Old Boulevard	St. Paul	GA	1	1	60
995	(831) 501-4013	35 Oak St.	Dallas	OK	0	1	
996	823-121-8741	84 Milton Avenue	Portland	NE	1	0	30
997	250-361-5077	37 Green Fabien Boulevard	Houston	OR	1	1	
998	(603) 040-1482	174 Green First Drive	Grand Rapids	FL	1	1	30
999	434-180-9993	30 Old St.	Shreveport	TX	1	0	30
1000	633-082-4204	60 New Road	Anchorage	FL	1	1	45
